,sepal length (cm),sepal width (cm),petal length (cm),petal width (cm)
sepal length (cm),1.0,-0.11756978413300091,0.8717537758865838,0.8179411262715759
sepal width (cm),-0.11756978413300091,1.0,-0.4284401043305387,-0.36612593253643755
petal length (cm),0.8717537758865838,-0.4284401043305387,1.0,0.9628654314027961
petal width (cm),0.8179411262715759,-0.36612593253643755,0.9628654314027961,1.0
